{
    "description": "AA64 UEFI for aarch64",
    "interface-types": [
        "uefi"
    ],
    "mapping": {
        "device": "flash",
        "executable": {
            "filename": "/usr/share/edk2/aarch64/QEMU_CODE.fd",
            "format": "raw"
        },
        "nvram-template": {
            "filename": "/usr/share/edk2/aarch64/QEMU_VARS.fd",
            "format": "raw"
        }
    },
    "targets": [
        {
            "architecture": "aarch64",
            "machines": [
                "virt-*"
            ]
        }
    ],
    "features": [
        "verbose-static"
    ],
    "tags": [

    ]
}
